album_id,album_title,filename,original_filename,width,height,aspect_ratio,suggested_use,path
Album_Podios_e_Conquistas,🏆 Pódios & Conquistas,Album_Podios_e_Conquistas_01.jpg,642049397932343.jpg,2048,1658,1.24,Galeria Grid / Eventos,/home/horyu/Projetos/ciclismo_santa_helena_midias/albuns_curados/01_Podios_e_Conquistas/Album_Podios_e_Conquistas_01.jpg
Album_Podios_e_Conquistas,🏆 Pódios & Conquistas,Album_Podios_e_Conquistas_02.jpg,3586211461410176.jpg,1612,2015,0.8,Card Vertical / Mobile Stories,/home/horyu/Projetos/ciclismo_santa_helena_midias/albuns_curados/01_Podios_e_Conquistas/Album_Podios_e_Conquistas_02.jpg
Album_Podios_e_Conquistas,🏆 Pódios & Conquistas,Album_Podios_e_Conquistas_03.jpg,739354224868526.jpg,2048,1536,1.33,Banner Hero / Carrossel Principal,/home/horyu/Projetos/ciclismo_santa_helena_midias/albuns_curados/01_Podios_e_Conquistas/Album_Podios_e_Conquistas_03.jpg
Album_Podios_e_Conquistas,🏆 Pódios & Conquistas,Album_Podios_e_Conquistas_04.jpg,555512546586029.jpg,2048,1536,1.33,Banner Hero / Carrossel Principal,/home/horyu/Projetos/ciclismo_santa_helena_midias/albuns_curados/01_Podios_e_Conquistas/Album_Podios_e_Conquistas_04.jpg
Album_Podios_e_Conquistas,🏆 Pódios & Conquistas,Album_Podios_e_Conquistas_05.jpg,773451688125446.jpg,2048,1224,1.67,Banner Hero / Carrossel Principal,/home/horyu/Projetos/ciclismo_santa_helena_midias/albuns_curados/01_Podios_e_Conquistas/Album_Podios_e_Conquistas_05.jpg
Album_Podios_e_Conquistas,🏆 Pódios & Conquistas,Album_Podios_e_Conquistas_06.jpg,642049511265665.jpg,2048,1153,1.78,Banner Hero / Carrossel Principal,/home/horyu/Projetos/ciclismo_santa_helena_midias/albuns_curados/01_Podios_e_Conquistas/Album_Podios_e_Conquistas_06.jpg
Album_Podios_e_Conquistas,🏆 Pódios & Conquistas,Album_Podios_e_Conquistas_07.jpg,967195825417697.jpg,1440,1440,1.0,Galeria Grid / Eventos,/home/horyu/Projetos/ciclismo_santa_helena_midias/albuns_curados/01_Podios_e_Conquistas/Album_Podios_e_Conquistas_07.jpg
Album_Podios_e_Conquistas,🏆 Pódios & Conquistas,Album_Podios_e_Conquistas_08.jpg,685254426945173.jpg,1600,1200,1.33,Banner Hero / Carrossel Principal,/home/horyu/Projetos/ciclismo_santa_helena_midias/albuns_curados/01_Podios_e_Conquistas/Album_Podios_e_Conquistas_08.jpg
Album_Podios_e_Conquistas,🏆 Pódios & Conquistas,Album_Podios_e_Conquistas_09.jpg,333966278740658.jpg,1440,1080,1.33,Banner Hero / Carrossel Principal,/home/horyu/Projetos/ciclismo_santa_helena_midias/albuns_curados/01_Podios_e_Conquistas/Album_Podios_e_Conquistas_09.jpg
Album_Podios_e_Conquistas,🏆 Pódios & Conquistas,Album_Podios_e_Conquistas_10.jpg,289580849845868.jpg,1440,1080,1.33,Banner Hero / Carrossel Principal,/home/horyu/Projetos/ciclismo_santa_helena_midias/albuns_curados/01_Podios_e_Conquistas/Album_Podios_e_Conquistas_10.jpg
Album_Podios_e_Conquistas,🏆 Pódios & Conquistas,Album_Podios_e_Conquistas_11.jpg,3651503628214292.jpg,1440,1031,1.4,Banner Hero / Carrossel Principal,/home/horyu/Projetos/ciclismo_santa_helena_midias/albuns_curados/01_Podios_e_Conquistas/Album_Podios_e_Conquistas_11.jpg
Album_Podios_e_Conquistas,🏆 Pódios & Conquistas,Album_Podios_e_Conquistas_12.jpg,780237087446906.jpg,1080,1350,0.8,Card Vertical / Mobile Stories,/home/horyu/Projetos/ciclismo_santa_helena_midias/albuns_curados/01_Podios_e_Conquistas/Album_Podios_e_Conquistas_12.jpg
Album_Podios_e_Conquistas,🏆 Pódios & Conquistas,Album_Podios_e_Conquistas_13.jpg,225579052912715.jpg,1080,1340,0.81,Card Vertical / Mobile Stories,/home/horyu/Projetos/ciclismo_santa_helena_midias/albuns_curados/01_Podios_e_Conquistas/Album_Podios_e_Conquistas_13.jpg
Album_Podios_e_Conquistas,🏆 Pódios & Conquistas,Album_Podios_e_Conquistas_14.jpg,967195775417702.jpg,1200,1200,1.0,Galeria Grid / Eventos,/home/horyu/Projetos/ciclismo_santa_helena_midias/albuns_curados/01_Podios_e_Conquistas/Album_Podios_e_Conquistas_14.jpg
Album_Podios_e_Conquistas,🏆 Pódios & Conquistas,Album_Podios_e_Conquistas_15.jpg,587309240073026.jpg,1024,1280,0.8,Card Vertical / Mobile Stories,/home/horyu/Projetos/ciclismo_santa_helena_midias/albuns_curados/01_Podios_e_Conquistas/Album_Podios_e_Conquistas_15.jpg
Album_Podios_e_Conquistas,🏆 Pódios & Conquistas,Album_Podios_e_Conquistas_16.jpg,667891318681484.jpg,1280,960,1.33,Banner Hero / Carrossel Principal,/home/horyu/Projetos/ciclismo_santa_helena_midias/albuns_curados/01_Podios_e_Conquistas/Album_Podios_e_Conquistas_16.jpg
Album_Podios_e_Conquistas,🏆 Pódios & Conquistas,Album_Podios_e_Conquistas_17.jpg,780236910780257.jpg,1080,1080,1.0,Galeria Grid / Eventos,/home/horyu/Projetos/ciclismo_santa_helena_midias/albuns_curados/01_Podios_e_Conquistas/Album_Podios_e_Conquistas_17.jpg
Album_Podios_e_Conquistas,🏆 Pódios & Conquistas,Album_Podios_e_Conquistas_18.jpg,780236844113597.jpg,1080,1080,1.0,Galeria Grid / Eventos,/home/horyu/Projetos/ciclismo_santa_helena_midias/albuns_curados/01_Podios_e_Conquistas/Album_Podios_e_Conquistas_18.jpg
Album_Podios_e_Conquistas,🏆 Pódios & Conquistas,Album_Podios_e_Conquistas_19.jpg,555512366586047.jpg,1080,1080,1.0,Galeria Grid / Eventos,/home/horyu/Projetos/ciclismo_santa_helena_midias/albuns_curados/01_Podios_e_Conquistas/Album_Podios_e_Conquistas_19.jpg
Album_Podios_e_Conquistas,🏆 Pódios & Conquistas,Album_Podios_e_Conquistas_20.jpg,780236877446927.jpg,1080,1080,1.0,Galeria Grid / Eventos,/home/horyu/Projetos/ciclismo_santa_helena_midias/albuns_curados/01_Podios_e_Conquistas/Album_Podios_e_Conquistas_20.jpg
Album_Cicloturismo_Terra_das_Aguas,🌅 Cicloturismo Terra das Águas,Album_Cicloturismo_Terra_das_Aguas_01.jpg,4085967911434526.jpg,1612,2015,0.8,Card Vertical / Mobile Stories,/home/horyu/Projetos/ciclismo_santa_helena_midias/albuns_curados/02_Cicloturismo_Terra_das_Aguas/Album_Cicloturismo_Terra_das_Aguas_01.jpg
Album_Cicloturismo_Terra_das_Aguas,🌅 Cicloturismo Terra das Águas,Album_Cicloturismo_Terra_das_Aguas_02.jpg,562376449232972.jpg,2048,1536,1.33,Banner Hero / Carrossel Principal,/home/horyu/Projetos/ciclismo_santa_helena_midias/albuns_curados/02_Cicloturismo_Terra_das_Aguas/Album_Cicloturismo_Terra_das_Aguas_02.jpg
Album_Cicloturismo_Terra_das_Aguas,🌅 Cicloturismo Terra das Águas,Album_Cicloturismo_Terra_das_Aguas_03.jpg,1152527363551208.jpg,1536,2048,0.75,Card Vertical / Mobile Stories,/home/horyu/Projetos/ciclismo_santa_helena_midias/albuns_curados/02_Cicloturismo_Terra_das_Aguas/Album_Cicloturismo_Terra_das_Aguas_03.jpg
Album_Cicloturismo_Terra_das_Aguas,🌅 Cicloturismo Terra das Águas,Album_Cicloturismo_Terra_das_Aguas_04.jpg,4248717915159524.jpg,1511,2015,0.75,Card Vertical / Mobile Stories,/home/horyu/Projetos/ciclismo_santa_helena_midias/albuns_curados/02_Cicloturismo_Terra_das_Aguas/Album_Cicloturismo_Terra_das_Aguas_04.jpg
Album_Cicloturismo_Terra_das_Aguas,🌅 Cicloturismo Terra das Águas,Album_Cicloturismo_Terra_das_Aguas_05.jpg,1006379521499327.jpg,1080,1920,0.56,Card Vertical / Mobile Stories,/home/horyu/Projetos/ciclismo_santa_helena_midias/albuns_curados/02_Cicloturismo_Terra_das_Aguas/Album_Cicloturismo_Terra_das_Aguas_05.jpg
Album_Cicloturismo_Terra_das_Aguas,🌅 Cicloturismo Terra das Águas,Album_Cicloturismo_Terra_das_Aguas_06.jpg,627780559359227.jpg,1600,1200,1.33,Banner Hero / Carrossel Principal,/home/horyu/Projetos/ciclismo_santa_helena_midias/albuns_curados/02_Cicloturismo_Terra_das_Aguas/Album_Cicloturismo_Terra_das_Aguas_06.jpg
Album_Cicloturismo_Terra_das_Aguas,🌅 Cicloturismo Terra das Águas,Album_Cicloturismo_Terra_das_Aguas_07.jpg,627780789359204.jpg,1200,1600,0.75,Card Vertical / Mobile Stories,/home/horyu/Projetos/ciclismo_santa_helena_midias/albuns_curados/02_Cicloturismo_Terra_das_Aguas/Album_Cicloturismo_Terra_das_Aguas_07.jpg
Album_Cicloturismo_Terra_das_Aguas,🌅 Cicloturismo Terra das Águas,Album_Cicloturismo_Terra_das_Aguas_08.jpg,3964292733602045.jpg,1280,1280,1.0,Galeria Grid / Eventos,/home/horyu/Projetos/ciclismo_santa_helena_midias/albuns_curados/02_Cicloturismo_Terra_das_Aguas/Album_Cicloturismo_Terra_das_Aguas_08.jpg
Album_Cicloturismo_Terra_das_Aguas,🌅 Cicloturismo Terra das Águas,Album_Cicloturismo_Terra_das_Aguas_09.jpg,596947305775886.jpg,1280,1280,1.0,Galeria Grid / Eventos,/home/horyu/Projetos/ciclismo_santa_helena_midias/albuns_curados/02_Cicloturismo_Terra_das_Aguas/Album_Cicloturismo_Terra_das_Aguas_09.jpg
Album_Cicloturismo_Terra_das_Aguas,🌅 Cicloturismo Terra das Águas,Album_Cicloturismo_Terra_das_Aguas_10.jpg,3866377863393533.jpg,1440,1101,1.31,Banner Hero / Carrossel Principal,/home/horyu/Projetos/ciclismo_santa_helena_midias/albuns_curados/02_Cicloturismo_Terra_das_Aguas/Album_Cicloturismo_Terra_das_Aguas_10.jpg
Album_Cicloturismo_Terra_das_Aguas,🌅 Cicloturismo Terra das Águas,Album_Cicloturismo_Terra_das_Aguas_11.jpg,3871742386190414.jpg,1440,1080,1.33,Banner Hero / Carrossel Principal,/home/horyu/Projetos/ciclismo_santa_helena_midias/albuns_curados/02_Cicloturismo_Terra_das_Aguas/Album_Cicloturismo_Terra_das_Aguas_11.jpg
Album_Cicloturismo_Terra_das_Aguas,🌅 Cicloturismo Terra das Águas,Album_Cicloturismo_Terra_das_Aguas_12.jpg,328440535959899.jpg,1440,1080,1.33,Banner Hero / Carrossel Principal,/home/horyu/Projetos/ciclismo_santa_helena_midias/albuns_curados/02_Cicloturismo_Terra_das_Aguas/Album_Cicloturismo_Terra_das_Aguas_12.jpg
Album_Cicloturismo_Terra_das_Aguas,🌅 Cicloturismo Terra das Águas,Album_Cicloturismo_Terra_das_Aguas_13.jpg,3879292735435379.jpg,1440,1080,1.33,Banner Hero / Carrossel Principal,/home/horyu/Projetos/ciclismo_santa_helena_midias/albuns_curados/02_Cicloturismo_Terra_das_Aguas/Album_Cicloturismo_Terra_das_Aguas_13.jpg
Album_Cicloturismo_Terra_das_Aguas,🌅 Cicloturismo Terra das Águas,Album_Cicloturismo_Terra_das_Aguas_14.jpg,4133696399995010.jpg,1440,1080,1.33,Banner Hero / Carrossel Principal,/home/horyu/Projetos/ciclismo_santa_helena_midias/albuns_curados/02_Cicloturismo_Terra_das_Aguas/Album_Cicloturismo_Terra_das_Aguas_14.jpg
Album_Cicloturismo_Terra_das_Aguas,🌅 Cicloturismo Terra das Águas,Album_Cicloturismo_Terra_das_Aguas_15.jpg,302068948597058.jpg,1440,1080,1.33,Banner Hero / Carrossel Principal,/home/horyu/Projetos/ciclismo_santa_helena_midias/albuns_curados/02_Cicloturismo_Terra_das_Aguas/Album_Cicloturismo_Terra_das_Aguas_15.jpg
Album_Cicloturismo_Terra_das_Aguas,🌅 Cicloturismo Terra das Águas,Album_Cicloturismo_Terra_das_Aguas_16.jpg,3707428442621810.jpg,1440,1080,1.33,Banner Hero / Carrossel Principal,/home/horyu/Projetos/ciclismo_santa_helena_midias/albuns_curados/02_Cicloturismo_Terra_das_Aguas/Album_Cicloturismo_Terra_das_Aguas_16.jpg
Album_Cicloturismo_Terra_das_Aguas,🌅 Cicloturismo Terra das Águas,Album_Cicloturismo_Terra_das_Aguas_17.jpg,257814743022479.jpg,1440,1080,1.33,Banner Hero / Carrossel Principal,/home/horyu/Projetos/ciclismo_santa_helena_midias/albuns_curados/02_Cicloturismo_Terra_das_Aguas/Album_Cicloturismo_Terra_das_Aguas_17.jpg
Album_Cicloturismo_Terra_das_Aguas,🌅 Cicloturismo Terra das Águas,Album_Cicloturismo_Terra_das_Aguas_18.jpg,257810893022864.jpg,1440,1080,1.33,Banner Hero / Carrossel Principal,/home/horyu/Projetos/ciclismo_santa_helena_midias/albuns_curados/02_Cicloturismo_Terra_das_Aguas/Album_Cicloturismo_Terra_das_Aguas_18.jpg
Album_Cicloturismo_Terra_das_Aguas,🌅 Cicloturismo Terra das Águas,Album_Cicloturismo_Terra_das_Aguas_19.jpg,3879296415435011.jpg,1440,1072,1.34,Banner Hero / Carrossel Principal,/home/horyu/Projetos/ciclismo_santa_helena_midias/albuns_curados/02_Cicloturismo_Terra_das_Aguas/Album_Cicloturismo_Terra_das_Aguas_19.jpg
Album_Cicloturismo_Terra_das_Aguas,🌅 Cicloturismo Terra das Águas,Album_Cicloturismo_Terra_das_Aguas_20.jpg,210190057784948.jpg,1080,1358,0.8,Card Vertical / Mobile Stories,/home/horyu/Projetos/ciclismo_santa_helena_midias/albuns_curados/02_Cicloturismo_Terra_das_Aguas/Album_Cicloturismo_Terra_das_Aguas_20.jpg
Album_Cicloturismo_Terra_das_Aguas,🌅 Cicloturismo Terra das Águas,Album_Cicloturismo_Terra_das_Aguas_21.jpg,309489391188347.jpg,1080,1350,0.8,Card Vertical / Mobile Stories,/home/horyu/Projetos/ciclismo_santa_helena_midias/albuns_curados/02_Cicloturismo_Terra_das_Aguas/Album_Cicloturismo_Terra_das_Aguas_21.jpg
Album_Cicloturismo_Terra_das_Aguas,🌅 Cicloturismo Terra das Águas,Album_Cicloturismo_Terra_das_Aguas_22.jpg,206893911447896.jpg,1080,1350,0.8,Card Vertical / Mobile Stories,/home/horyu/Projetos/ciclismo_santa_helena_midias/albuns_curados/02_Cicloturismo_Terra_das_Aguas/Album_Cicloturismo_Terra_das_Aguas_22.jpg
Album_Cicloturismo_Terra_das_Aguas,🌅 Cicloturismo Terra das Águas,Album_Cicloturismo_Terra_das_Aguas_23.jpg,855442836592997.jpg,1080,1315,0.82,Card Vertical / Mobile Stories,/home/horyu/Projetos/ciclismo_santa_helena_midias/albuns_curados/02_Cicloturismo_Terra_das_Aguas/Album_Cicloturismo_Terra_das_Aguas_23.jpg
Album_Cicloturismo_Terra_das_Aguas,🌅 Cicloturismo Terra das Águas,Album_Cicloturismo_Terra_das_Aguas_24.jpg,267365555400731.jpg,1080,1314,0.82,Card Vertical / Mobile Stories,/home/horyu/Projetos/ciclismo_santa_helena_midias/albuns_curados/02_Cicloturismo_Terra_das_Aguas/Album_Cicloturismo_Terra_das_Aguas_24.jpg
Album_Cicloturismo_Terra_das_Aguas,🌅 Cicloturismo Terra das Águas,Album_Cicloturismo_Terra_das_Aguas_25.jpg,206928514777769.jpg,1080,1306,0.83,Card Vertical / Mobile Stories,/home/horyu/Projetos/ciclismo_santa_helena_midias/albuns_curados/02_Cicloturismo_Terra_das_Aguas/Album_Cicloturismo_Terra_das_Aguas_25.jpg
Album_Trilhas_MTB_Itaipu,🚵 Trilhas MTB & Refúgio Itaipu,Album_Trilhas_MTB_Itaipu_01.jpg,855475786589702.jpg,2048,1639,1.25,Galeria Grid / Eventos,/home/horyu/Projetos/ciclismo_santa_helena_midias/albuns_curados/03_Trilhas_MTB_Itaipu/Album_Trilhas_MTB_Itaipu_01.jpg
Album_Trilhas_MTB_Itaipu,🚵 Trilhas MTB & Refúgio Itaipu,Album_Trilhas_MTB_Itaipu_02.jpg,754779146659367.jpg,2048,1536,1.33,Banner Hero / Carrossel Principal,/home/horyu/Projetos/ciclismo_santa_helena_midias/albuns_curados/03_Trilhas_MTB_Itaipu/Album_Trilhas_MTB_Itaipu_02.jpg
Album_Trilhas_MTB_Itaipu,🚵 Trilhas MTB & Refúgio Itaipu,Album_Trilhas_MTB_Itaipu_03.jpg,565923718878245.jpg,2048,1536,1.33,Banner Hero / Carrossel Principal,/home/horyu/Projetos/ciclismo_santa_helena_midias/albuns_curados/03_Trilhas_MTB_Itaipu/Album_Trilhas_MTB_Itaipu_03.jpg
Album_Trilhas_MTB_Itaipu,🚵 Trilhas MTB & Refúgio Itaipu,Album_Trilhas_MTB_Itaipu_04.jpg,645516247585658.jpg,1600,1600,1.0,Galeria Grid / Eventos,/home/horyu/Projetos/ciclismo_santa_helena_midias/albuns_curados/03_Trilhas_MTB_Itaipu/Album_Trilhas_MTB_Itaipu_04.jpg
Album_Trilhas_MTB_Itaipu,🚵 Trilhas MTB & Refúgio Itaipu,Album_Trilhas_MTB_Itaipu_05.jpg,783523190451629.jpg,1600,1200,1.33,Banner Hero / Carrossel Principal,/home/horyu/Projetos/ciclismo_santa_helena_midias/albuns_curados/03_Trilhas_MTB_Itaipu/Album_Trilhas_MTB_Itaipu_05.jpg
Album_Trilhas_MTB_Itaipu,🚵 Trilhas MTB & Refúgio Itaipu,Album_Trilhas_MTB_Itaipu_06.jpg,642049474599002.jpg,2048,923,2.22,Banner Hero / Carrossel Principal,/home/horyu/Projetos/ciclismo_santa_helena_midias/albuns_curados/03_Trilhas_MTB_Itaipu/Album_Trilhas_MTB_Itaipu_06.jpg
Album_Trilhas_MTB_Itaipu,🚵 Trilhas MTB & Refúgio Itaipu,Album_Trilhas_MTB_Itaipu_07.jpg,854223623381585.jpg,1440,1152,1.25,Banner Hero / Carrossel Principal,/home/horyu/Projetos/ciclismo_santa_helena_midias/albuns_curados/03_Trilhas_MTB_Itaipu/Album_Trilhas_MTB_Itaipu_07.jpg
Album_Trilhas_MTB_Itaipu,🚵 Trilhas MTB & Refúgio Itaipu,Album_Trilhas_MTB_Itaipu_08.jpg,381909100613042.jpg,1280,1280,1.0,Galeria Grid / Eventos,/home/horyu/Projetos/ciclismo_santa_helena_midias/albuns_curados/03_Trilhas_MTB_Itaipu/Album_Trilhas_MTB_Itaipu_08.jpg
Album_Trilhas_MTB_Itaipu,🚵 Trilhas MTB & Refúgio Itaipu,Album_Trilhas_MTB_Itaipu_09.jpg,315507183919901.jpg,1440,1137,1.27,Banner Hero / Carrossel Principal,/home/horyu/Projetos/ciclismo_santa_helena_midias/albuns_curados/03_Trilhas_MTB_Itaipu/Album_Trilhas_MTB_Itaipu_09.jpg
Album_Trilhas_MTB_Itaipu,🚵 Trilhas MTB & Refúgio Itaipu,Album_Trilhas_MTB_Itaipu_10.jpg,206854311451856.jpg,1440,1127,1.28,Banner Hero / Carrossel Principal,/home/horyu/Projetos/ciclismo_santa_helena_midias/albuns_curados/03_Trilhas_MTB_Itaipu/Album_Trilhas_MTB_Itaipu_10.jpg
Album_Trilhas_MTB_Itaipu,🚵 Trilhas MTB & Refúgio Itaipu,Album_Trilhas_MTB_Itaipu_11.jpg,292402519563701.jpg,1440,1080,1.33,Banner Hero / Carrossel Principal,/home/horyu/Projetos/ciclismo_santa_helena_midias/albuns_curados/03_Trilhas_MTB_Itaipu/Album_Trilhas_MTB_Itaipu_11.jpg
Album_Trilhas_MTB_Itaipu,🚵 Trilhas MTB & Refúgio Itaipu,Album_Trilhas_MTB_Itaipu_12.jpg,4009973702367281.jpg,1440,1080,1.33,Banner Hero / Carrossel Principal,/home/horyu/Projetos/ciclismo_santa_helena_midias/albuns_curados/03_Trilhas_MTB_Itaipu/Album_Trilhas_MTB_Itaipu_12.jpg
Album_Trilhas_MTB_Itaipu,🚵 Trilhas MTB & Refúgio Itaipu,Album_Trilhas_MTB_Itaipu_13.jpg,284246653712621.jpg,1440,1080,1.33,Banner Hero / Carrossel Principal,/home/horyu/Projetos/ciclismo_santa_helena_midias/albuns_curados/03_Trilhas_MTB_Itaipu/Album_Trilhas_MTB_Itaipu_13.jpg
Album_Trilhas_MTB_Itaipu,🚵 Trilhas MTB & Refúgio Itaipu,Album_Trilhas_MTB_Itaipu_14.jpg,4162575173773799.jpg,1440,1080,1.33,Banner Hero / Carrossel Principal,/home/horyu/Projetos/ciclismo_santa_helena_midias/albuns_curados/03_Trilhas_MTB_Itaipu/Album_Trilhas_MTB_Itaipu_14.jpg
Album_Trilhas_MTB_Itaipu,🚵 Trilhas MTB & Refúgio Itaipu,Album_Trilhas_MTB_Itaipu_15.jpg,443935104410441.jpg,1080,1440,0.75,Card Vertical / Mobile Stories,/home/horyu/Projetos/ciclismo_santa_helena_midias/albuns_curados/03_Trilhas_MTB_Itaipu/Album_Trilhas_MTB_Itaipu_15.jpg
Album_Trilhas_MTB_Itaipu,🚵 Trilhas MTB & Refúgio Itaipu,Album_Trilhas_MTB_Itaipu_16.jpg,3586222961409026.jpg,1072,1440,0.74,Card Vertical / Mobile Stories,/home/horyu/Projetos/ciclismo_santa_helena_midias/albuns_curados/03_Trilhas_MTB_Itaipu/Album_Trilhas_MTB_Itaipu_16.jpg
Album_Trilhas_MTB_Itaipu,🚵 Trilhas MTB & Refúgio Itaipu,Album_Trilhas_MTB_Itaipu_17.jpg,4135511203146863.jpg,1080,1350,0.8,Card Vertical / Mobile Stories,/home/horyu/Projetos/ciclismo_santa_helena_midias/albuns_curados/03_Trilhas_MTB_Itaipu/Album_Trilhas_MTB_Itaipu_17.jpg
Album_Trilhas_MTB_Itaipu,🚵 Trilhas MTB & Refúgio Itaipu,Album_Trilhas_MTB_Itaipu_18.jpg,780237047446910.jpg,1080,1350,0.8,Card Vertical / Mobile Stories,/home/horyu/Projetos/ciclismo_santa_helena_midias/albuns_curados/03_Trilhas_MTB_Itaipu/Album_Trilhas_MTB_Itaipu_18.jpg
Album_Trilhas_MTB_Itaipu,🚵 Trilhas MTB & Refúgio Itaipu,Album_Trilhas_MTB_Itaipu_19.jpg,955538883250058.jpg,1080,1316,0.82,Card Vertical / Mobile Stories,/home/horyu/Projetos/ciclismo_santa_helena_midias/albuns_curados/03_Trilhas_MTB_Itaipu/Album_Trilhas_MTB_Itaipu_19.jpg
Album_Trilhas_MTB_Itaipu,🚵 Trilhas MTB & Refúgio Itaipu,Album_Trilhas_MTB_Itaipu_20.jpg,960926296044650.jpg,1080,1316,0.82,Card Vertical / Mobile Stories,/home/horyu/Projetos/ciclismo_santa_helena_midias/albuns_curados/03_Trilhas_MTB_Itaipu/Album_Trilhas_MTB_Itaipu_20.jpg
Album_Trilhas_MTB_Itaipu,🚵 Trilhas MTB & Refúgio Itaipu,Album_Trilhas_MTB_Itaipu_21.jpg,284147817055838.jpg,1440,959,1.5,Banner Hero / Carrossel Principal,/home/horyu/Projetos/ciclismo_santa_helena_midias/albuns_curados/03_Trilhas_MTB_Itaipu/Album_Trilhas_MTB_Itaipu_21.jpg
Album_Trilhas_MTB_Itaipu,🚵 Trilhas MTB & Refúgio Itaipu,Album_Trilhas_MTB_Itaipu_22.jpg,3651558171542171.jpg,1125,1172,0.96,Galeria Grid / Eventos,/home/horyu/Projetos/ciclismo_santa_helena_midias/albuns_curados/03_Trilhas_MTB_Itaipu/Album_Trilhas_MTB_Itaipu_22.jpg
Album_Trilhas_MTB_Itaipu,🚵 Trilhas MTB & Refúgio Itaipu,Album_Trilhas_MTB_Itaipu_23.jpg,315185507285402.jpg,1024,1280,0.8,Card Vertical / Mobile Stories,/home/horyu/Projetos/ciclismo_santa_helena_midias/albuns_curados/03_Trilhas_MTB_Itaipu/Album_Trilhas_MTB_Itaipu_23.jpg
Album_Trilhas_MTB_Itaipu,🚵 Trilhas MTB & Refúgio Itaipu,Album_Trilhas_MTB_Itaipu_24.jpg,305875631549723.jpg,1024,1280,0.8,Card Vertical / Mobile Stories,/home/horyu/Projetos/ciclismo_santa_helena_midias/albuns_curados/03_Trilhas_MTB_Itaipu/Album_Trilhas_MTB_Itaipu_24.jpg
Album_Trilhas_MTB_Itaipu,🚵 Trilhas MTB & Refúgio Itaipu,Album_Trilhas_MTB_Itaipu_25.jpg,311402250997061.jpg,1024,1280,0.8,Card Vertical / Mobile Stories,/home/horyu/Projetos/ciclismo_santa_helena_midias/albuns_curados/03_Trilhas_MTB_Itaipu/Album_Trilhas_MTB_Itaipu_25.jpg
Album_Pedais_Urbanos_e_Familia,👥 Pedais da Família & Concentração,Album_Pedais_Urbanos_e_Familia_01.jpg,642049354599014.jpg,2048,1652,1.24,Galeria Grid / Eventos,/home/horyu/Projetos/ciclismo_santa_helena_midias/albuns_curados/04_Pedais_Urbanos_e_Familia/Album_Pedais_Urbanos_e_Familia_01.jpg
Album_Pedais_Urbanos_e_Familia,👥 Pedais da Família & Concentração,Album_Pedais_Urbanos_e_Familia_02.jpg,4368347129863268.jpg,1612,2015,0.8,Card Vertical / Mobile Stories,/home/horyu/Projetos/ciclismo_santa_helena_midias/albuns_curados/04_Pedais_Urbanos_e_Familia/Album_Pedais_Urbanos_e_Familia_02.jpg
Album_Pedais_Urbanos_e_Familia,👥 Pedais da Família & Concentração,Album_Pedais_Urbanos_e_Familia_03.jpg,342442694559683.jpg,1612,2015,0.8,Card Vertical / Mobile Stories,/home/horyu/Projetos/ciclismo_santa_helena_midias/albuns_curados/04_Pedais_Urbanos_e_Familia/Album_Pedais_Urbanos_e_Familia_03.jpg
Album_Pedais_Urbanos_e_Familia,👥 Pedais da Família & Concentração,Album_Pedais_Urbanos_e_Familia_04.jpg,565923778878239.jpg,2048,1536,1.33,Banner Hero / Carrossel Principal,/home/horyu/Projetos/ciclismo_santa_helena_midias/albuns_curados/04_Pedais_Urbanos_e_Familia/Album_Pedais_Urbanos_e_Familia_04.jpg
Album_Pedais_Urbanos_e_Familia,👥 Pedais da Família & Concentração,Album_Pedais_Urbanos_e_Familia_05.jpg,548218833982067.jpg,2048,1536,1.33,Banner Hero / Carrossel Principal,/home/horyu/Projetos/ciclismo_santa_helena_midias/albuns_curados/04_Pedais_Urbanos_e_Familia/Album_Pedais_Urbanos_e_Familia_05.jpg
Album_Pedais_Urbanos_e_Familia,👥 Pedais da Família & Concentração,Album_Pedais_Urbanos_e_Familia_06.jpg,967195925417687.jpg,1536,2048,0.75,Card Vertical / Mobile Stories,/home/horyu/Projetos/ciclismo_santa_helena_midias/albuns_curados/04_Pedais_Urbanos_e_Familia/Album_Pedais_Urbanos_e_Familia_06.jpg
Album_Pedais_Urbanos_e_Familia,👥 Pedais da Família & Concentração,Album_Pedais_Urbanos_e_Familia_07.jpg,4154138187950831.jpg,1511,2015,0.75,Card Vertical / Mobile Stories,/home/horyu/Projetos/ciclismo_santa_helena_midias/albuns_curados/04_Pedais_Urbanos_e_Familia/Album_Pedais_Urbanos_e_Familia_07.jpg
Album_Pedais_Urbanos_e_Familia,👥 Pedais da Família & Concentração,Album_Pedais_Urbanos_e_Familia_08.jpg,4015551148476203.jpg,1504,2015,0.75,Card Vertical / Mobile Stories,/home/horyu/Projetos/ciclismo_santa_helena_midias/albuns_curados/04_Pedais_Urbanos_e_Familia/Album_Pedais_Urbanos_e_Familia_08.jpg
Album_Pedais_Urbanos_e_Familia,👥 Pedais da Família & Concentração,Album_Pedais_Urbanos_e_Familia_09.jpg,292068416263778.jpg,1511,2000,0.76,Card Vertical / Mobile Stories,/home/horyu/Projetos/ciclismo_santa_helena_midias/albuns_curados/04_Pedais_Urbanos_e_Familia/Album_Pedais_Urbanos_e_Familia_09.jpg
Album_Pedais_Urbanos_e_Familia,👥 Pedais da Família & Concentração,Album_Pedais_Urbanos_e_Familia_10.jpg,4080336218664362.jpg,1511,2000,0.76,Card Vertical / Mobile Stories,/home/horyu/Projetos/ciclismo_santa_helena_midias/albuns_curados/04_Pedais_Urbanos_e_Familia/Album_Pedais_Urbanos_e_Familia_10.jpg
Album_Pedais_Urbanos_e_Familia,👥 Pedais da Família & Concentração,Album_Pedais_Urbanos_e_Familia_11.jpg,672917784845504.jpg,2048,1068,1.92,Banner Hero / Carrossel Principal,/home/horyu/Projetos/ciclismo_santa_helena_midias/albuns_curados/04_Pedais_Urbanos_e_Familia/Album_Pedais_Urbanos_e_Familia_11.jpg
Album_Pedais_Urbanos_e_Familia,👥 Pedais da Família & Concentração,Album_Pedais_Urbanos_e_Familia_12.jpg,4326963550668293.jpg,1440,1440,1.0,Galeria Grid / Eventos,/home/horyu/Projetos/ciclismo_santa_helena_midias/albuns_curados/04_Pedais_Urbanos_e_Familia/Album_Pedais_Urbanos_e_Familia_12.jpg
Album_Pedais_Urbanos_e_Familia,👥 Pedais da Família & Concentração,Album_Pedais_Urbanos_e_Familia_13.jpg,967195685417711.jpg,1440,1440,1.0,Galeria Grid / Eventos,/home/horyu/Projetos/ciclismo_santa_helena_midias/albuns_curados/04_Pedais_Urbanos_e_Familia/Album_Pedais_Urbanos_e_Familia_13.jpg
Album_Pedais_Urbanos_e_Familia,👥 Pedais da Família & Concentração,Album_Pedais_Urbanos_e_Familia_14.jpg,310045454466074.jpg,1440,1440,1.0,Galeria Grid / Eventos,/home/horyu/Projetos/ciclismo_santa_helena_midias/albuns_curados/04_Pedais_Urbanos_e_Familia/Album_Pedais_Urbanos_e_Familia_14.jpg
Album_Pedais_Urbanos_e_Familia,👥 Pedais da Família & Concentração,Album_Pedais_Urbanos_e_Familia_15.jpg,304478235022796.jpg,1080,1904,0.57,Card Vertical / Mobile Stories,/home/horyu/Projetos/ciclismo_santa_helena_midias/albuns_curados/04_Pedais_Urbanos_e_Familia/Album_Pedais_Urbanos_e_Familia_15.jpg
Album_Pedais_Urbanos_e_Familia,👥 Pedais da Família & Concentração,Album_Pedais_Urbanos_e_Familia_16.jpg,627780826025867.jpg,1200,1600,0.75,Card Vertical / Mobile Stories,/home/horyu/Projetos/ciclismo_santa_helena_midias/albuns_curados/04_Pedais_Urbanos_e_Familia/Album_Pedais_Urbanos_e_Familia_16.jpg
Album_Pedais_Urbanos_e_Familia,👥 Pedais da Família & Concentração,Album_Pedais_Urbanos_e_Familia_17.jpg,783523157118299.jpg,1600,1200,1.33,Banner Hero / Carrossel Principal,/home/horyu/Projetos/ciclismo_santa_helena_midias/albuns_curados/04_Pedais_Urbanos_e_Familia/Album_Pedais_Urbanos_e_Familia_17.jpg
Album_Pedais_Urbanos_e_Familia,👥 Pedais da Família & Concentração,Album_Pedais_Urbanos_e_Familia_18.jpg,627780509359232.jpg,1200,1600,0.75,Card Vertical / Mobile Stories,/home/horyu/Projetos/ciclismo_santa_helena_midias/albuns_curados/04_Pedais_Urbanos_e_Familia/Album_Pedais_Urbanos_e_Familia_18.jpg
Album_Pedais_Urbanos_e_Familia,👥 Pedais da Família & Concentração,Album_Pedais_Urbanos_e_Familia_19.jpg,754779179992697.jpg,2048,923,2.22,Banner Hero / Carrossel Principal,/home/horyu/Projetos/ciclismo_santa_helena_midias/albuns_curados/04_Pedais_Urbanos_e_Familia/Album_Pedais_Urbanos_e_Familia_19.jpg
Album_Pedais_Urbanos_e_Familia,👥 Pedais da Família & Concentração,Album_Pedais_Urbanos_e_Familia_20.jpg,621544516649498.jpg,2048,923,2.22,Banner Hero / Carrossel Principal,/home/horyu/Projetos/ciclismo_santa_helena_midias/albuns_curados/04_Pedais_Urbanos_e_Familia/Album_Pedais_Urbanos_e_Familia_20.jpg
Album_Pedais_Urbanos_e_Familia,👥 Pedais da Família & Concentração,Album_Pedais_Urbanos_e_Familia_21.jpg,642049444599005.jpg,2048,923,2.22,Banner Hero / Carrossel Principal,/home/horyu/Projetos/ciclismo_santa_helena_midias/albuns_curados/04_Pedais_Urbanos_e_Familia/Album_Pedais_Urbanos_e_Familia_21.jpg
Album_Pedais_Urbanos_e_Familia,👥 Pedais da Família & Concentração,Album_Pedais_Urbanos_e_Familia_22.jpg,4118262378205079.jpg,1080,1643,0.66,Card Vertical / Mobile Stories,/home/horyu/Projetos/ciclismo_santa_helena_midias/albuns_curados/04_Pedais_Urbanos_e_Familia/Album_Pedais_Urbanos_e_Familia_22.jpg
Album_Pedais_Urbanos_e_Familia,👥 Pedais da Família & Concentração,Album_Pedais_Urbanos_e_Familia_23.jpg,3597943633570292.jpg,1440,1205,1.2,Galeria Grid / Eventos,/home/horyu/Projetos/ciclismo_santa_helena_midias/albuns_curados/04_Pedais_Urbanos_e_Familia/Album_Pedais_Urbanos_e_Familia_23.jpg
Album_Pedais_Urbanos_e_Familia,👥 Pedais da Família & Concentração,Album_Pedais_Urbanos_e_Familia_24.jpg,274943364642950.jpg,1440,1200,1.2,Galeria Grid / Eventos,/home/horyu/Projetos/ciclismo_santa_helena_midias/albuns_curados/04_Pedais_Urbanos_e_Familia/Album_Pedais_Urbanos_e_Familia_24.jpg
Album_Pedais_Urbanos_e_Familia,👥 Pedais da Família & Concentração,Album_Pedais_Urbanos_e_Familia_25.jpg,279401154197171.jpg,1036,1623,0.64,Card Vertical / Mobile Stories,/home/horyu/Projetos/ciclismo_santa_helena_midias/albuns_curados/04_Pedais_Urbanos_e_Familia/Album_Pedais_Urbanos_e_Familia_25.jpg
Album_Cartazes_e_Divulgacao,📢 Cartazes & Banners de Eventos,Album_Cartazes_e_Divulgacao_01.jpg,562377282566222.jpg,1280,1277,1.0,Galeria Grid / Eventos,/home/horyu/Projetos/ciclismo_santa_helena_midias/albuns_curados/05_Cartazes_e_Divulgacao/Album_Cartazes_e_Divulgacao_01.jpg
Album_Cartazes_e_Divulgacao,📢 Cartazes & Banners de Eventos,Album_Cartazes_e_Divulgacao_02.jpg,555511593252791.jpg,1280,1277,1.0,Galeria Grid / Eventos,/home/horyu/Projetos/ciclismo_santa_helena_midias/albuns_curados/05_Cartazes_e_Divulgacao/Album_Cartazes_e_Divulgacao_02.jpg
Album_Cartazes_e_Divulgacao,📢 Cartazes & Banners de Eventos,Album_Cartazes_e_Divulgacao_03.jpg,295584002578886.jpg,1278,1278,1.0,Galeria Grid / Eventos,/home/horyu/Projetos/ciclismo_santa_helena_midias/albuns_curados/05_Cartazes_e_Divulgacao/Album_Cartazes_e_Divulgacao_03.jpg
Album_Cartazes_e_Divulgacao,📢 Cartazes & Banners de Eventos,Album_Cartazes_e_Divulgacao_04.jpg,533546908782593.jpg,1024,1280,0.8,Card Vertical / Mobile Stories,/home/horyu/Projetos/ciclismo_santa_helena_midias/albuns_curados/05_Cartazes_e_Divulgacao/Album_Cartazes_e_Divulgacao_04.jpg
Album_Cartazes_e_Divulgacao,📢 Cartazes & Banners de Eventos,Album_Cartazes_e_Divulgacao_05.jpg,3784098091621511.jpg,1080,1077,1.0,Galeria Grid / Eventos,/home/horyu/Projetos/ciclismo_santa_helena_midias/albuns_curados/05_Cartazes_e_Divulgacao/Album_Cartazes_e_Divulgacao_05.jpg
Album_Cartazes_e_Divulgacao,📢 Cartazes & Banners de Eventos,Album_Cartazes_e_Divulgacao_06.jpg,4149890865042230.jpg,1280,843,1.52,Banner Hero / Carrossel Principal,/home/horyu/Projetos/ciclismo_santa_helena_midias/albuns_curados/05_Cartazes_e_Divulgacao/Album_Cartazes_e_Divulgacao_06.jpg
Album_Cartazes_e_Divulgacao,📢 Cartazes & Banners de Eventos,Album_Cartazes_e_Divulgacao_07.jpg,4022213951143256.jpg,1000,1000,1.0,Galeria Grid / Eventos,/home/horyu/Projetos/ciclismo_santa_helena_midias/albuns_curados/05_Cartazes_e_Divulgacao/Album_Cartazes_e_Divulgacao_07.jpg
Album_Cartazes_e_Divulgacao,📢 Cartazes & Banners de Eventos,Album_Cartazes_e_Divulgacao_08.jpg,277437111060242.jpg,960,960,1.0,Galeria Grid / Eventos,/home/horyu/Projetos/ciclismo_santa_helena_midias/albuns_curados/05_Cartazes_e_Divulgacao/Album_Cartazes_e_Divulgacao_08.jpg
Album_Cartazes_e_Divulgacao,📢 Cartazes & Banners de Eventos,Album_Cartazes_e_Divulgacao_09.jpg,268244251979528.jpg,960,960,1.0,Galeria Grid / Eventos,/home/horyu/Projetos/ciclismo_santa_helena_midias/albuns_curados/05_Cartazes_e_Divulgacao/Album_Cartazes_e_Divulgacao_09.jpg
Album_Cartazes_e_Divulgacao,📢 Cartazes & Banners de Eventos,Album_Cartazes_e_Divulgacao_10.jpg,3745357725495548.jpg,960,886,1.08,Galeria Grid / Eventos,/home/horyu/Projetos/ciclismo_santa_helena_midias/albuns_curados/05_Cartazes_e_Divulgacao/Album_Cartazes_e_Divulgacao_10.jpg
Album_Cartazes_e_Divulgacao,📢 Cartazes & Banners de Eventos,Album_Cartazes_e_Divulgacao_11.jpg,211092287694725.jpg,858,960,0.89,Galeria Grid / Eventos,/home/horyu/Projetos/ciclismo_santa_helena_midias/albuns_curados/05_Cartazes_e_Divulgacao/Album_Cartazes_e_Divulgacao_11.jpg
Album_Cartazes_e_Divulgacao,📢 Cartazes & Banners de Eventos,Album_Cartazes_e_Divulgacao_12.jpg,211092197694734.jpg,858,960,0.89,Galeria Grid / Eventos,/home/horyu/Projetos/ciclismo_santa_helena_midias/albuns_curados/05_Cartazes_e_Divulgacao/Album_Cartazes_e_Divulgacao_12.jpg
Album_Cartazes_e_Divulgacao,📢 Cartazes & Banners de Eventos,Album_Cartazes_e_Divulgacao_13.jpg,3907483062616346.jpg,960,720,1.33,Galeria Grid / Eventos,/home/horyu/Projetos/ciclismo_santa_helena_midias/albuns_curados/05_Cartazes_e_Divulgacao/Album_Cartazes_e_Divulgacao_13.jpg
Album_Cartazes_e_Divulgacao,📢 Cartazes & Banners de Eventos,Album_Cartazes_e_Divulgacao_14.jpg,273743291429624.jpg,720,900,0.8,Card Vertical / Mobile Stories,/home/horyu/Projetos/ciclismo_santa_helena_midias/albuns_curados/05_Cartazes_e_Divulgacao/Album_Cartazes_e_Divulgacao_14.jpg
Album_Cartazes_e_Divulgacao,📢 Cartazes & Banners de Eventos,Album_Cartazes_e_Divulgacao_15.jpg,310393201097966.jpg,647,647,1.0,Galeria Grid / Eventos,/home/horyu/Projetos/ciclismo_santa_helena_midias/albuns_curados/05_Cartazes_e_Divulgacao/Album_Cartazes_e_Divulgacao_15.jpg
